PRAGMA foreign_keys=OFF;
BEGIN TRANSACTION;
CREATE TABLE users (
	id INTEGER NOT NULL, 
	username VARCHAR, 
	email VARCHAR, 
	hashed_password VARCHAR, 
	PRIMARY KEY (id)
);
INSERT INTO users VALUES(1,'admin','admin','$2b$12$YFRFFpx9HiCeZzi48Te5NuE.95r87e/nNMbiAEdinmRr0Fqe1x3P.');
INSERT INTO users VALUES(2,'an','an','$2b$12$Xzbv6DWFOBk96RDUw91sMemivGSpVDf6gZvlnC052SnMiPk4/WohG');
INSERT INTO users VALUES(3,'truongdo','truongdo619@gmail.com','$2b$12$G85ejJSj4apUT436fWIuB.H1YgtPPMy3A4KHQUau9j2ozw4Frn9gm');
INSERT INTO users VALUES(4,'kodiak','truongdo@jaist.ac.jp','$2b$12$iKtkFxF67we4tcCMMvvL7uTTaKxHfY8X/VdwXIgV5vbvkOnKTUu02');
INSERT INTO users VALUES(5,'abc','antrieu@jaist.ac.jp','$2b$12$6NaSSXxcGJ4755qm018rPuYpbUlwrvb1yCmHzVXqAdzg.w702k7.2');
INSERT INTO users VALUES(6,'abc123','antrieu123@jaist.ac.jp','$2b$12$Kqxj44PSo/lzTrE0AjaNkeywUl65iObU5VwdDPhc6xNs7MAm/Fqq2');
INSERT INTO users VALUES(7,'vavscx','vasvcvasv@nasnc.com','$2b$12$TavPCBcjLCq5iOvZALk.5uH3RpmnDSCZi0OVDk5XgRmZt6hQJ8LAi');
INSERT INTO users VALUES(8,'bbasv','bbasbc@nanc.comnabscb','$2b$12$DIlGEI2cSOczr0jHINOsbep3I.xEilm/3RIb/aetH2Or5nl1e4yX6');
INSERT INTO users VALUES(9,'conmuon','conmuonvenha@gmail.com','$2b$12$8KgEn5pFmP/4Yy3i57TbPukIZJFNlC1SxVfYv9ySlBxvOqNfh1gFi');
INSERT INTO users VALUES(10,'Testuser','abc@gmail.com','$2b$12$RPKR7xVibxRgCVMXHO31IeVz0xPBC37tQ.Q21rLS6HbnjwE3MBDie');
INSERT INTO users VALUES(11,'abcxyz','abcxyz@gmail.com','$2b$12$zIj3RlXX6z5tmRvoBq.4qO/ja0m13wfWblltsKXl8HfSfyEJ9n4bu');
INSERT INTO users VALUES(12,'truongdo123','turongdo@jaist.ac.jp','$2b$12$HMLcEwY7At48thd97Oe0WOb4vMKZBY47s24NKd.Pp0eucLa1Ga/6W');
INSERT INTO users VALUES(13,'truongdo619','truongdo619@jaist.ac.jp','$2b$12$if.WMB86W2ClVTKVsrr3jOFXhv1r6YJgfk7PDqHbiF4yJGzdrRU2q');
INSERT INTO users VALUES(14,'an2','an1','$2b$12$rEbhomlD8qoSfCyFkhvageMS5okR7q5HMrwEa9jf0aGbXeISTF2DK');
INSERT INTO users VALUES(15,'an22','an@yahoo.com','$2b$12$AzZOz1cRs9EcwQ1shRRRVe1NehduyJEUTxmU4NX66kYrRSKpGaFTS');
INSERT INTO users VALUES(16,'vn','anv@gmail.com','$2b$12$EXsB906KcED4CPnZM1EvFeQBgG/JlE1UXwRYCHm7NXnS2qy3Wdivq');
INSERT INTO users VALUES(18,'test_account_01','int3202@gmail.com','$2b$12$CDAgIY0pw4mFW58PY1DrzetcPhdx88DKUDpqWqe/W9UZ1UJaQ6vtu');
INSERT INTO users VALUES(19,'truongdo1231','truongdo1231@gmail.com','$2b$12$jXdM0i8JAZtExYKMweijhun4YKp9ocLArapyx2NK/xTLfcrBx2Bam');
INSERT INTO users VALUES(20,'ab34','ab@gmail.com','$2b$12$8XyrL3A26X3QJvqNBp0tY.sU.MdzVDaU9OQRJs1/L9kRKYsMs7oNO');
INSERT INTO users VALUES(21,'an3','an3@hotmail.com','$2b$12$mCdiSrdyUm9tx5iOnMwWDOLH5fESFR5nlFdc80ZfYnyO4vrfVrcN2');
INSERT INTO users VALUES(22,'NIMS_Itoh','ITOH.Takuro@nims.go.jp','$2b$12$df1L.Qwuhyw.o66WHhw7tuK6QfUqNEMq1TjFxoFSHvENxmCafvndK');
INSERT INTO users VALUES(23,'SADO.Hiroko@nims.go.jp','SADO.Hiroko@nims.go.jp','$2b$12$laK5k/Vp.RN2huDUMApuoO8suzucUjLg2yOdCa/xjGIZ5XuDDndhW');
INSERT INTO users VALUES(24,'an12345','an12345@gmail.com','$2b$12$bggwuJgB5LUIfqLWVECouO14yomlaFDCj9LQuREOd2cqlHZfFkcTW');
INSERT INTO users VALUES(25,'antrieu','trieuhoangan1012@gmail.com','$2b$12$yEEUgNxwom59gVFrLMwj7uPqpCxxFcdNZ6OVsTHb8qG.vKVx3V11K');
INSERT INTO users VALUES(26,'dotruong','conmuonvenha123@gmail.com','$2b$12$O3H3i/0RdDk2pU5f./18bOM.6TDBKpLAPQ9XotFnPXMX/lZV4Mb7.');
INSERT INTO users VALUES(27,'an9','trieuhoangan05@gmail.com','$2b$12$dbmvB/Xb7NUPbwQmEy/9leU1xbLKy9BU/OFaSti0bbcgxvRhoZv9y');
INSERT INTO users VALUES(28,'yuji.matsumoto@riken.jp','yuji.matsumoto@riken.jp','$2b$12$cHPGQ2PicrYjU2aleL0bGO9FlF/mFFLHSVgsqAfhyH8paJwKsfNvu');
COMMIT;
PRAGMA foreign_keys=OFF;
BEGIN TRANSACTION;
CREATE TABLE refresh_tokens (
	id INTEGER NOT NULL, 
	token VARCHAR, 
	expires_at DATETIME, 
	user_id INTEGER, 
	PRIMARY KEY (id), 
	FOREIGN KEY(user_id) REFERENCES users (id)
);
INSERT INTO refresh_tokens VALUES(1,'eyJhbGciOiJIUzI1NiIsInR5cCI6IkpXVCJ9.eyJzdWIiOiJhbiIsImV4cCI6MTczOTg5MDk4Mn0.ysvNSEzhW05BDEVXj48-4utuhDYROWHYXDCz30wBNXk','2025-02-18 15:03:02.410425',2);
INSERT INTO refresh_tokens VALUES(2,'eyJhbGciOiJIUzI1NiIsInR5cCI6IkpXVCJ9.eyJzdWIiOiJ0cnVvbmdkbyIsImV4cCI6MTczOTkzMTIzM30.qcAtXQc262vGJ9RcpLscDnbNJ-Nbu4OKztnj86d2FZM','2025-02-19 02:13:53.140084',3);
INSERT INTO refresh_tokens VALUES(3,'eyJhbGciOiJIUzI1NiIsInR5cCI6IkpXVCJ9.eyJzdWIiOiJ0ZXN0X2FjY291bnRfMDEiLCJleHAiOjE3Mzk5NDY2MTB9.mD72uIZcQHxdjUIMLhPpkoKkAGuLcHFrmxE2bxssT2E','2025-02-19 06:30:10.715301',18);
INSERT INTO refresh_tokens VALUES(4,'eyJhbGciOiJIUzI1NiIsInR5cCI6IkpXVCJ9.eyJzdWIiOiJhbjIyIiwiZXhwIjoxNzQwMDM3ODE3fQ.SreNP1AWiuOTIFxydKRht71-WkzenVivLPIUjN3aPtY','2025-02-20 07:50:17.145592',15);
INSERT INTO refresh_tokens VALUES(5,'eyJhbGciOiJIUzI1NiIsInR5cCI6IkpXVCJ9.eyJzdWIiOiJOSU1TX0l0b2giLCJleHAiOjE3NDAwNDA1NjB9.P0A__aq-YHIEJhsTXwP4sgSgGXgstefLCeYBaidOAe8','2025-02-20 08:36:00.317602',22);
INSERT INTO refresh_tokens VALUES(6,'eyJhbGciOiJIUzI1NiIsInR5cCI6IkpXVCJ9.eyJzdWIiOiJhbiIsImV4cCI6MTc0MDExMTA4MH0.YGHfWI90FcvYSK3zpteXBWZtWDpccFYP4FfPtb9PngU','2025-02-21 04:11:20.698694',2);
INSERT INTO refresh_tokens VALUES(7,'eyJhbGciOiJIUzI1NiIsInR5cCI6IkpXVCJ9.eyJzdWIiOiJ0cnVvbmdkbyIsImV4cCI6MTc0MDE0NTUwM30.CRPw1Pw6CDT_vaWnHkMhMtQZKFLA2jLEjpIhEZPnqcE','2025-02-21 13:45:03.217233',3);
INSERT INTO refresh_tokens VALUES(8,'eyJhbGciOiJIUzI1NiIsInR5cCI6IkpXVCJ9.eyJzdWIiOiJhbiIsImV4cCI6MTc0MDI5MjE5NH0.LfiTjQzo85DIp8qButnH9cGmrJyl6i-_32yy21XYeTY','2025-02-23 06:29:54.715759',2);
INSERT INTO refresh_tokens VALUES(9,'eyJhbGciOiJIUzI1NiIsInR5cCI6IkpXVCJ9.eyJzdWIiOiJ0cnVvbmdkbyIsImV4cCI6MTc0MDI5NDY0OH0.epsRuBUwKc2_-81wtbBgOixEBa6wmn9JsTf4qOdgnQc','2025-02-23 07:10:48.412624',3);
INSERT INTO refresh_tokens VALUES(10,'eyJhbGciOiJIUzI1NiIsInR5cCI6IkpXVCJ9.eyJzdWIiOiJ0cnVvbmdkbyIsImV4cCI6MTc0MDI5NDY1MH0.G5bxr5v3rzbWPcxVPwp69t4Gpn3L0ZDzrYg7CZo9axc','2025-02-23 07:10:50.519398',3);
INSERT INTO refresh_tokens VALUES(11,'eyJhbGciOiJIUzI1NiIsInR5cCI6IkpXVCJ9.eyJzdWIiOiJTQURPLkhpcm9rb0BuaW1zLmdvLmpwIiwiZXhwIjoxNzQwMzU0MTQ3fQ.Bpm8YgbarWCxOKzLzP3RCHArh_upCH-AxOv5QKkhmew','2025-02-23 23:42:27.532766',23);
INSERT INTO refresh_tokens VALUES(12,'eyJhbGciOiJIUzI1NiIsInR5cCI6IkpXVCJ9.eyJzdWIiOiJTQURPLkhpcm9rb0BuaW1zLmdvLmpwIiwiZXhwIjoxNzQwMzg0Mjc2fQ.UncykUDAGLWkRZVpU-ceKc-RTgFQW0jv2JqP0NoOBb0','2025-02-24 08:04:36.263364',23);
INSERT INTO refresh_tokens VALUES(13,'eyJhbGciOiJIUzI1NiIsInR5cCI6IkpXVCJ9.eyJzdWIiOiJ0cnVvbmdkbyIsImV4cCI6MTc0MDM5Nzk4N30.i8Q_f4R85UmwkI0xXK1mgJ24Th3FxXvAJGqX4LZe064','2025-02-24 11:53:07.153875',3);
INSERT INTO refresh_tokens VALUES(14,'eyJhbGciOiJIUzI1NiIsInR5cCI6IkpXVCJ9.eyJzdWIiOiJhbjIyIiwiZXhwIjoxNzQwNDY0NDE2fQ.wjauwrMRCFxYB9yJLgwSwDe7iTBnxlAK2f6DBbJzI2o','2025-02-25 06:20:16.925238',15);
INSERT INTO refresh_tokens VALUES(15,'eyJhbGciOiJIUzI1NiIsInR5cCI6IkpXVCJ9.eyJzdWIiOiJ0cnVvbmdkbyIsImV4cCI6MTc0MDQ5Mzk5Mn0.VhSZWodakVYsD24QZgiwnJDJWk83z2L4aic7AC5JHSU','2025-02-25 14:33:13.043340',3);
INSERT INTO refresh_tokens VALUES(16,'eyJhbGciOiJIUzI1NiIsInR5cCI6IkpXVCJ9.eyJzdWIiOiJhbiIsImV4cCI6MTc0MDUyNDY1OX0.ojEk2Iji9JVV6L9wAr50vimyY5YXUFjTdrzvlzw3VWc','2025-02-25 23:04:19.229338',2);
INSERT INTO refresh_tokens VALUES(17,'eyJhbGciOiJIUzI1NiIsInR5cCI6IkpXVCJ9.eyJzdWIiOiJhbjIyIiwiZXhwIjoxNzQwNTU1NTM5fQ.WqK2Gh-yFuYUCOEN2UVJP__sAUlmmc1_DyE0cw81voc','2025-02-26 07:38:59.335942',15);
INSERT INTO refresh_tokens VALUES(18,'eyJhbGciOiJIUzI1NiIsInR5cCI6IkpXVCJ9.eyJzdWIiOiJhbjIyIiwiZXhwIjoxNzQwODk4Mzg0fQ.GLI_iprtOdtgTvg__YxpZ1G60ByANWEFHVQVGZ1CCVA','2025-03-02 06:53:04.460850',15);
INSERT INTO refresh_tokens VALUES(19,'eyJhbGciOiJIUzI1NiIsInR5cCI6IkpXVCJ9.eyJzdWIiOiJhbjIyIiwiZXhwIjoxNzQwOTAwNDU4fQ.0xm9z8M9nWNzhu2i7Lql0xDeL-PBfG3Sf41lNMJgA9E','2025-03-02 07:27:38.396663',15);
INSERT INTO refresh_tokens VALUES(20,'eyJhbGciOiJIUzI1NiIsInR5cCI6IkpXVCJ9.eyJzdWIiOiJhbiIsImV4cCI6MTc0MDkwMDQ3OH0.Y_cqrtL03xSLBV-B9Hjy2WWHB5JmG8UTdRUXOXPz2Yw','2025-03-02 07:27:58.610266',2);
INSERT INTO refresh_tokens VALUES(21,'eyJhbGciOiJIUzI1NiIsInR5cCI6IkpXVCJ9.eyJzdWIiOiJhbjEyMzQ1IiwiZXhwIjoxNzQwOTAwNTA5fQ.qRaNqVMR0Zrrl3VAyJgFCIfgJyCPCDbeT9HcnqSopmQ','2025-03-02 07:28:29.462345',24);
INSERT INTO refresh_tokens VALUES(22,'eyJhbGciOiJIUzI1NiIsInR5cCI6IkpXVCJ9.eyJzdWIiOiJhbiIsImV4cCI6MTc0MDkwMjE1OX0.seug2PCgbkiMr2sfE9iZPbY4qzKyjegz7IyunTa1ICM','2025-03-02 07:55:59.837629',2);
INSERT INTO refresh_tokens VALUES(23,'eyJhbGciOiJIUzI1NiIsInR5cCI6IkpXVCJ9.eyJzdWIiOiJhbjIyIiwiZXhwIjoxNzQwOTAyMTc0fQ.RBnLmqatO3dFddb9IBh7VkigEIp10PLnonX3G8RmqP4','2025-03-02 07:56:14.051407',15);
INSERT INTO refresh_tokens VALUES(24,'eyJhbGciOiJIUzI1NiIsInR5cCI6IkpXVCJ9.eyJzdWIiOiJhbiIsImV4cCI6MTc0MDkwMjQxNn0.9iA5cglAntC8SE0gKD4RM-QJcQQWybjDo165e-bIeZE','2025-03-02 08:00:16.099106',2);
INSERT INTO refresh_tokens VALUES(25,'eyJhbGciOiJIUzI1NiIsInR5cCI6IkpXVCJ9.eyJzdWIiOiJhbiIsImV4cCI6MTc0MDkwMzQ5NH0.41hkWhuXiFT6SWZWdrIJvwe9-gil01M-a2wqQ_a9QoQ','2025-03-02 08:18:14.707016',2);
INSERT INTO refresh_tokens VALUES(26,'eyJhbGciOiJIUzI1NiIsInR5cCI6IkpXVCJ9.eyJzdWIiOiJ0cnVvbmdkbyIsImV4cCI6MTc0MDk2OTE0NH0.oC4_6rIU5_KHvKO5lgR5e_o5UO_k0pOsJ_8D3s_amMA','2025-03-03 02:32:24.288031',3);
INSERT INTO refresh_tokens VALUES(27,'eyJhbGciOiJIUzI1NiIsInR5cCI6IkpXVCJ9.eyJzdWIiOiJhbiIsImV4cCI6MTc0MDk4NTMxNH0.bPcGdkoqDyzNA_3M_7P5Z4nwK5NsX1MjLzbLEt_hDh4','2025-03-03 07:01:54.325289',2);
INSERT INTO refresh_tokens VALUES(28,'eyJhbGciOiJIUzI1NiIsInR5cCI6IkpXVCJ9.eyJzdWIiOiJ0cnVvbmdkbyIsImV4cCI6MTc0MTU4NjQwMH0.j7d6krexwq4V2hGw0P5gSWkQuEuBYbtb6hxr57jzCKk','2025-03-10 06:00:00.187099',3);
INSERT INTO refresh_tokens VALUES(29,'eyJhbGciOiJIUzI1NiIsInR5cCI6IkpXVCJ9.eyJzdWIiOiJ0ZXN0X2FjY291bnRfMDEiLCJleHAiOjE3NDE2MTYyODB9.T0A2c7482UbYkoBHADokj1uJmwC431Rs7bSnu6o_Abs','2025-03-10 14:18:00.540422',18);
INSERT INTO refresh_tokens VALUES(30,'eyJhbGciOiJIUzI1NiIsInR5cCI6IkpXVCJ9.eyJzdWIiOiJ0ZXN0X2FjY291bnRfMDEiLCJleHAiOjE3NDE2MTY0MzN9.bJrkzURbHCE1zqj1tsTuWgLIaklXk7Hbz6NGnn5N9pY','2025-03-10 14:20:33.531123',18);
INSERT INTO refresh_tokens VALUES(31,'eyJhbGciOiJIUzI1NiIsInR5cCI6IkpXVCJ9.eyJzdWIiOiJ0cnVvbmdkbyIsImV4cCI6MTc0MTY2NjY3N30.WvJto_cgzdGb7osPzbN_OL0bpDToRDmfqG1RYayX50A','2025-03-11 04:17:57.285103',3);
INSERT INTO refresh_tokens VALUES(32,'eyJhbGciOiJIUzI1NiIsInR5cCI6IkpXVCJ9.eyJzdWIiOiJ0cnVvbmdkbyIsImV4cCI6MTc0MTcwMjA1N30.KEXnD_SzaEmxu-K_INSNBMH4gifQI6IzXBTnrEry2Ck','2025-03-11 14:07:37.781852',3);
INSERT INTO refresh_tokens VALUES(33,'eyJhbGciOiJIUzI1NiIsInR5cCI6IkpXVCJ9.eyJzdWIiOiJhbiIsImV4cCI6MTc0MTcwMjQyNH0.bzsXokPqN0wenmVt2wNJ4rkAzHgTN85RFqtRcMKLpQk','2025-03-11 14:13:44.812148',2);
INSERT INTO refresh_tokens VALUES(34,'eyJhbGciOiJIUzI1NiIsInR5cCI6IkpXVCJ9.eyJzdWIiOiJhbnRyaWV1IiwiZXhwIjoxNzQxNzIxMTI3fQ.yKJdMS8J33T9eleGinUcuxcmC-lsfLDamrZrilq72E0','2025-03-11 19:25:27.050988',25);
INSERT INTO refresh_tokens VALUES(35,'eyJhbGciOiJIUzI1NiIsInR5cCI6IkpXVCJ9.eyJzdWIiOiJ0cnVvbmdkbzYxOSIsImV4cCI6MTc0MTc0NTMxNX0.pVGxziQvxhIjZD9YB8YFfE5C-kDRUxUH93gGZr-yez0','2025-03-12 02:08:35.439102',13);
INSERT INTO refresh_tokens VALUES(36,'eyJhbGciOiJIUzI1NiIsInR5cCI6IkpXVCJ9.eyJzdWIiOiJ0cnVvbmdkbyIsImV4cCI6MTc0MTc0NTUxNn0.kRuYxhX5ECTDlKzNI-RpranUKmY5phxMnlMw5bC00Y4','2025-03-12 02:11:56.245054',3);
INSERT INTO refresh_tokens VALUES(37,'eyJhbGciOiJIUzI1NiIsInR5cCI6IkpXVCJ9.eyJzdWIiOiJhbnRyaWV1IiwiZXhwIjoxNzQxNzQ1NjI4fQ.xNPL14V-bZuaMHMLImVbIp1yMmUb3L9QRO-7EopAHTE','2025-03-12 02:13:48.512248',25);
INSERT INTO refresh_tokens VALUES(38,'eyJhbGciOiJIUzI1NiIsInR5cCI6IkpXVCJ9.eyJzdWIiOiJhbjkiLCJleHAiOjE3NDE3NDU2Mzd9.hyLZWrPeEHIRo7RiZ4P1__VO_9HgFCTd6VQ78Fq0khA','2025-03-12 02:13:57.143260',27);
INSERT INTO refresh_tokens VALUES(39,'eyJhbGciOiJIUzI1NiIsInR5cCI6IkpXVCJ9.eyJzdWIiOiJ0ZXN0X2FjY291bnRfMDEiLCJleHAiOjE3NDE3NTExMDV9.GSKPbNI7EnF1MxUS5Jy1pymT45FXThmrKhJ52HxLP6c','2025-03-12 03:45:05.156550',18);
INSERT INTO refresh_tokens VALUES(40,'eyJhbGciOiJIUzI1NiIsInR5cCI6IkpXVCJ9.eyJzdWIiOiJ0cnVvbmdkbyIsImV4cCI6MTc0MTc1NDYwMn0.7lgfsJTaEG3ZUEkZPbWlrMBnJNqLNROCX43-jLArHqc','2025-03-12 04:43:22.751341',3);
INSERT INTO refresh_tokens VALUES(41,'eyJhbGciOiJIUzI1NiIsInR5cCI6IkpXVCJ9.eyJzdWIiOiJ5dWppLm1hdHN1bW90b0ByaWtlbi5qcCIsImV4cCI6MTc0MTc1NTMxM30.EqVEW2UqKqr4sM_iRNfgjDEwv4RmUKGC7vnlVRpWBPI','2025-03-12 04:55:13.669316',28);
INSERT INTO refresh_tokens VALUES(42,'eyJhbGciOiJIUzI1NiIsInR5cCI6IkpXVCJ9.eyJzdWIiOiJ0cnVvbmdkbyIsImV4cCI6MTc0MTc1NTg0NX0.k9TYJyOEEwmul2omCILF-5WHtdBKW4WR8yTu2MlV3yY','2025-03-12 05:04:05.133714',3);
INSERT INTO refresh_tokens VALUES(43,'eyJhbGciOiJIUzI1NiIsInR5cCI6IkpXVCJ9.eyJzdWIiOiJ0cnVvbmdkbyIsImV4cCI6MTc0MTc1NjE4MX0.bHTQXPwTNNmiKho_u4wcstgWb936uby8UkU4L5TghZQ','2025-03-12 05:09:41.786223',3);
INSERT INTO refresh_tokens VALUES(44,'eyJhbGciOiJIUzI1NiIsInR5cCI6IkpXVCJ9.eyJzdWIiOiJ0cnVvbmdkbyIsImV4cCI6MTc0MTc1NzEwNX0.mXKlEy5RMBRHc9GcTOdIbfjn_GUoW191eXWgfdIEYE8','2025-03-12 05:25:05.711527',3);
INSERT INTO refresh_tokens VALUES(45,'eyJhbGciOiJIUzI1NiIsInR5cCI6IkpXVCJ9.eyJzdWIiOiJhbiIsImV4cCI6MTc0MTc1ODgyM30.IAhuTDjFpOWCl1sX4iHlqnpE7kypiPIv5MOvl4ZzhPA','2025-03-12 05:53:43.418163',2);
INSERT INTO refresh_tokens VALUES(46,'eyJhbGciOiJIUzI1NiIsInR5cCI6IkpXVCJ9.eyJzdWIiOiJ0cnVvbmdkbyIsImV4cCI6MTc0MTc1ODk3Nn0.pSMGjhkSt8sO8w4QGQmT-KvFG6TYEr_OL6l8p8oqzr0','2025-03-12 05:56:16.342247',3);
INSERT INTO refresh_tokens VALUES(47,'eyJhbGciOiJIUzI1NiIsInR5cCI6IkpXVCJ9.eyJzdWIiOiJ0cnVvbmdkbyIsImV4cCI6MTc0MTc2MDMwNX0.vQK9g9hbsFBQKPJ-5GAJL8zzZusS_NaRv4Fi7dzvc-k','2025-03-12 06:18:25.449298',3);
INSERT INTO refresh_tokens VALUES(48,'eyJhbGciOiJIUzI1NiIsInR5cCI6IkpXVCJ9.eyJzdWIiOiJ0ZXN0X2FjY291bnRfMDEiLCJleHAiOjE3NDE3OTg0NTd9.X8rAy5eiPaz6QgjCJ_RjAAZWcg7mVmHqOZOFoI95KUQ','2025-03-12 16:54:17.902908',18);
CREATE TABLE tokens (
	id INTEGER NOT NULL, 
	token VARCHAR, 
	expires_at DATETIME, 
	user_id INTEGER, 
	PRIMARY KEY (id), 
	FOREIGN KEY(user_id) REFERENCES users (id)
);
INSERT INTO tokens VALUES(1,'eyJhbGciOiJIUzI1NiIsInR5cCI6IkpXVCJ9.eyJzdWIiOiJhbiIsImV4cCI6MTczMjE2ODk4Mn0.yTQYpWjvOEVJxsKn3pv2UX1soPdIPIV5vnCx9CSSVxk','2024-11-21 06:03:02.358550',2);
INSERT INTO tokens VALUES(2,'eyJhbGciOiJIUzI1NiIsInR5cCI6IkpXVCJ9.eyJzdWIiOiJ0cnVvbmdkbyIsImV4cCI6MTczMjIwOTIzM30.-ht85qO0XV11DKjWoqTMW_ez69FeMLip32ly5BcAK9E','2024-11-21 17:13:53.020066',3);
INSERT INTO tokens VALUES(3,'eyJhbGciOiJIUzI1NiIsInR5cCI6IkpXVCJ9.eyJzdWIiOiJ0ZXN0X2FjY291bnRfMDEiLCJleHAiOjE3MzIyMjQ2MTB9.rQ7_2wH4Be4iy8kZ-ULXW7EIBFyMqWo17pDrY3t104k','2024-11-21 21:30:10.682901',18);
INSERT INTO tokens VALUES(4,'eyJhbGciOiJIUzI1NiIsInR5cCI6IkpXVCJ9.eyJzdWIiOiJhbjIyIiwiZXhwIjoxNzMyMzE1ODE3fQ.SSHNK97lSxXO74tGV_gBwZ-HiU_1WXiIOvmD-DqMiVI','2024-11-22 22:50:17.114243',15);
INSERT INTO tokens VALUES(5,'eyJhbGciOiJIUzI1NiIsInR5cCI6IkpXVCJ9.eyJzdWIiOiJOSU1TX0l0b2giLCJleHAiOjE3MzIzMTg1NjB9.3S4nyQ4M9S88I1Ewl92ZxGzbuYRum9NVuXTJFqK5-aA','2024-11-22 23:36:00.291592',22);
INSERT INTO tokens VALUES(6,'eyJhbGciOiJIUzI1NiIsInR5cCI6IkpXVCJ9.eyJzdWIiOiJhbiIsImV4cCI6MTczMjM4OTA4MH0.LDwX6v8W2QJaV9cmVxNJ0eTQPMLfEiDtdT3-_LnZhMg','2024-11-23 19:11:20.607799',2);
INSERT INTO tokens VALUES(7,'eyJhbGciOiJIUzI1NiIsInR5cCI6IkpXVCJ9.eyJzdWIiOiJ0cnVvbmdkbyIsImV4cCI6MTczMjQyMzUwM30.ASY2Uc9XM-8oDIXysYqmq513tWJaOiLGn89qkfLqxxo','2024-11-24 04:45:03.137251',3);
INSERT INTO tokens VALUES(8,'eyJhbGciOiJIUzI1NiIsInR5cCI6IkpXVCJ9.eyJzdWIiOiJhbiIsImV4cCI6MTczMjU3MDE5NH0.euu-nDLWsBrBEQ6WT0Yu5tbIv6OdmmDZLB_O4VvEuSg','2024-11-25 21:29:54.688786',2);
INSERT INTO tokens VALUES(9,'eyJhbGciOiJIUzI1NiIsInR5cCI6IkpXVCJ9.eyJzdWIiOiJ0cnVvbmdkbyIsImV4cCI6MTczMjU3MjY0OH0.eIjtHaqlLweiOHglKq7Y3ZhzVVTX_kqkyUwWe3kPy_Q','2024-11-25 22:10:48.333867',3);
INSERT INTO tokens VALUES(10,'eyJhbGciOiJIUzI1NiIsInR5cCI6IkpXVCJ9.eyJzdWIiOiJ0cnVvbmdkbyIsImV4cCI6MTczMjU3MjY1MH0.kUQ3P3EVxnwoJcqJTK4p6pFGbR_Q4jlIdvX3LrcB-v8','2024-11-25 22:10:50.494287',3);
INSERT INTO tokens VALUES(11,'eyJhbGciOiJIUzI1NiIsInR5cCI6IkpXVCJ9.eyJzdWIiOiJTQURPLkhpcm9rb0BuaW1zLmdvLmpwIiwiZXhwIjoxNzMyNjMyMTQ3fQ.YzB86fU3Hk8CvnBts_Kcw_ob4w1GqXDggKzPyKklWZM','2024-11-26 14:42:27.500095',23);
INSERT INTO tokens VALUES(12,'eyJhbGciOiJIUzI1NiIsInR5cCI6IkpXVCJ9.eyJzdWIiOiJTQURPLkhpcm9rb0BuaW1zLmdvLmpwIiwiZXhwIjoxNzMyNjYyMjc2fQ.Nq7kh4seApRxyNUn-AJ74rrNUXMpz4ZS5zriY4RV_9k','2024-11-26 23:04:36.238313',23);
INSERT INTO tokens VALUES(13,'eyJhbGciOiJIUzI1NiIsInR5cCI6IkpXVCJ9.eyJzdWIiOiJ0cnVvbmdkbyIsImV4cCI6MTczMjY3NTk4N30.zrzawOsEIvopho1I5xbwXL2dDGvmgvCnGHT98mtap9c','2024-11-27 02:53:07.053433',3);
INSERT INTO tokens VALUES(14,'eyJhbGciOiJIUzI1NiIsInR5cCI6IkpXVCJ9.eyJzdWIiOiJhbjIyIiwiZXhwIjoxNzMyNzQyNDE2fQ.rOTsf57BWC9qYyd3mKlKqAqLwNNqWSLYNX5YW8WdL7A','2024-11-27 21:20:16.897451',15);
INSERT INTO tokens VALUES(15,'eyJhbGciOiJIUzI1NiIsInR5cCI6IkpXVCJ9.eyJzdWIiOiJ0cnVvbmdkbyIsImV4cCI6MTczMjc3MTk5Mn0.Ri6iKRegdA7rk7ifmp87ZEdr9qrPkFT5_OjK9lF2meY','2024-11-28 05:33:12.985432',3);
INSERT INTO tokens VALUES(16,'eyJhbGciOiJIUzI1NiIsInR5cCI6IkpXVCJ9.eyJzdWIiOiJhbiIsImV4cCI6MTczMjgwMjY1OX0.2SuSn-aNhrJ_CeYhUlRZsNF_EmLaECfRvvc3xWw9j04','2024-11-28 14:04:19.167511',2);
INSERT INTO tokens VALUES(17,'eyJhbGciOiJIUzI1NiIsInR5cCI6IkpXVCJ9.eyJzdWIiOiJhbjIyIiwiZXhwIjoxNzMyODMzNTM5fQ.pclifrVga11jpWy22YFLVMDhp6l7BnWKV4XxMMa89S0','2024-11-28 22:38:59.286167',15);
INSERT INTO tokens VALUES(18,'eyJhbGciOiJIUzI1NiIsInR5cCI6IkpXVCJ9.eyJzdWIiOiJhbjIyIiwiZXhwIjoxNzMzMTc2Mzg0fQ.U-W1wmgaU0cVBREZiNSx7ju4orO-6HzpUKPjdjsE5eo','2024-12-02 21:53:04.372416',15);
INSERT INTO tokens VALUES(19,'eyJhbGciOiJIUzI1NiIsInR5cCI6IkpXVCJ9.eyJzdWIiOiJhbjIyIiwiZXhwIjoxNzMzMTc4NDU4fQ.JOTvykGyYtb_NV5T4gt0KqNG6Hnvgco7hjVlu3iMzBs','2024-12-02 22:27:38.358954',15);
INSERT INTO tokens VALUES(20,'eyJhbGciOiJIUzI1NiIsInR5cCI6IkpXVCJ9.eyJzdWIiOiJhbiIsImV4cCI6MTczMzE3ODQ3OH0.H10ixfTz55NyVaRq7r36bb5aIMLB2cVBrZ-W_b7SoOM','2024-12-02 22:27:58.584991',2);
INSERT INTO tokens VALUES(21,'eyJhbGciOiJIUzI1NiIsInR5cCI6IkpXVCJ9.eyJzdWIiOiJhbjEyMzQ1IiwiZXhwIjoxNzMzMTc4NTA5fQ.wnrtQTqbNR2UVuH1VWqlQEYZfcNVy06NUUqIyMbsScg','2024-12-02 22:28:29.440096',24);
INSERT INTO tokens VALUES(22,'eyJhbGciOiJIUzI1NiIsInR5cCI6IkpXVCJ9.eyJzdWIiOiJhbiIsImV4cCI6MTczMzE4MDE1OX0.w80Y6EL5eH4WwAtBKRF4ZK_J9StYyGRMRiEson_LjIQ','2024-12-02 22:55:59.801361',2);
INSERT INTO tokens VALUES(23,'eyJhbGciOiJIUzI1NiIsInR5cCI6IkpXVCJ9.eyJzdWIiOiJhbjIyIiwiZXhwIjoxNzMzMTgwMTc0fQ.V3wB6UgZgrhOjo_nsbAuky30PRxQJoRUipwR3xHXzek','2024-12-02 22:56:14.025017',15);
INSERT INTO tokens VALUES(24,'eyJhbGciOiJIUzI1NiIsInR5cCI6IkpXVCJ9.eyJzdWIiOiJhbiIsImV4cCI6MTczMzE4MDQxNn0.fGV6wdvd79tiPG27oxo-wy8hf82CPtO2yU4eYtKOYek','2024-12-02 23:00:16.074000',2);
INSERT INTO tokens VALUES(25,'eyJhbGciOiJIUzI1NiIsInR5cCI6IkpXVCJ9.eyJzdWIiOiJhbiIsImV4cCI6MTczMzE4MTQ5NH0.hprhLl1pJs7G2Km4HiOk2ITdJ7y78yLputi2KF_XPEg','2024-12-02 23:18:14.676056',2);
INSERT INTO tokens VALUES(26,'eyJhbGciOiJIUzI1NiIsInR5cCI6IkpXVCJ9.eyJzdWIiOiJ0cnVvbmdkbyIsImV4cCI6MTczMzI0NzE0NH0.P-d1hkUqFcojLWLclmQW4fYxE3UD2Xmn8Q6Glv9Pef0','2024-12-03 17:32:24.263826',3);
INSERT INTO tokens VALUES(27,'eyJhbGciOiJIUzI1NiIsInR5cCI6IkpXVCJ9.eyJzdWIiOiJhbiIsImV4cCI6MTczMzI2MzMxNH0.fry_Z63SgLtWQn_vyI67nujby6RCKmAJ0KDAcddJd4A','2024-12-03 22:01:54.235474',2);
INSERT INTO tokens VALUES(28,'eyJhbGciOiJIUzI1NiIsInR5cCI6IkpXVCJ9.eyJzdWIiOiJ0cnVvbmdkbyIsImV4cCI6MTczMzg2NDQwMH0.oMC2GmgZ3xY-ZmjTDSDXF2UnAdxYxI-ZprG1txBSo8E','2024-12-10 21:00:00.149031',3);
INSERT INTO tokens VALUES(29,'eyJhbGciOiJIUzI1NiIsInR5cCI6IkpXVCJ9.eyJzdWIiOiJ0ZXN0X2FjY291bnRfMDEiLCJleHAiOjE3MzM4OTQyODB9.fF7V1e-fulBaKtaAEv03uI3v5nU0-1YlSrtIP2EV6dc','2024-12-11 05:18:00.461177',18);
INSERT INTO tokens VALUES(30,'eyJhbGciOiJIUzI1NiIsInR5cCI6IkpXVCJ9.eyJzdWIiOiJ0ZXN0X2FjY291bnRfMDEiLCJleHAiOjE3MzM4OTQ0MzN9.aZolpemLwWwpUchzFY0xuoM0WNK6Vaml3QY_f9mh5fY','2024-12-11 05:20:33.512413',18);
INSERT INTO tokens VALUES(31,'eyJhbGciOiJIUzI1NiIsInR5cCI6IkpXVCJ9.eyJzdWIiOiJ0cnVvbmdkbyIsImV4cCI6MTczMzk0NDY3N30.ORGnoYSogT8MlsoC0ZPtAW1vjz2UWOINMqQIo1Ypecs','2024-12-11 19:17:57.195847',3);
INSERT INTO tokens VALUES(32,'eyJhbGciOiJIUzI1NiIsInR5cCI6IkpXVCJ9.eyJzdWIiOiJ0cnVvbmdkbyIsImV4cCI6MTczMzk4MDA1N30.K5kKZlYNHdjzPlIi6bej-cM3KtAiL99pIrzZyDJlqCY','2024-12-12 05:07:37.698034',3);
INSERT INTO tokens VALUES(33,'eyJhbGciOiJIUzI1NiIsInR5cCI6IkpXVCJ9.eyJzdWIiOiJhbiIsImV4cCI6MTczMzk4MDQyNH0.CRKNEaqZZfDdKCCwH5GOpGeQYF4n2Ta6tK-ixAV5NAA','2024-12-12 05:13:44.789539',2);
INSERT INTO tokens VALUES(34,'eyJhbGciOiJIUzI1NiIsInR5cCI6IkpXVCJ9.eyJzdWIiOiJhbnRyaWV1IiwiZXhwIjoxNzMzOTk5MTI3fQ.VW4W9gSkBCJV_rAFL974XWU94oPGaMmRYFUMWxWTScE','2024-12-12 10:25:27.011723',25);
INSERT INTO tokens VALUES(35,'eyJhbGciOiJIUzI1NiIsInR5cCI6IkpXVCJ9.eyJzdWIiOiJ0cnVvbmdkbzYxOSIsImV4cCI6MTczNDAyMzMxNX0.Squ2GacLxx09rdGXaEtgFOU6tiEboBciBJKqyb9UNJo','2024-12-12 17:08:35.397046',13);
INSERT INTO tokens VALUES(36,'eyJhbGciOiJIUzI1NiIsInR5cCI6IkpXVCJ9.eyJzdWIiOiJ0cnVvbmdkbyIsImV4cCI6MTczNDAyMzUxNn0.fnj2uR5dAkCQNgL61dTyemuqOkgDMfgWkSBAcCvFELY','2024-12-12 17:11:56.221914',3);
INSERT INTO tokens VALUES(37,'eyJhbGciOiJIUzI1NiIsInR5cCI6IkpXVCJ9.eyJzdWIiOiJhbnRyaWV1IiwiZXhwIjoxNzM0MDIzNjI4fQ.ReILWav77eO0_Wk2-FX7plx9M-wOBWc5HMkjsPJJQ8E','2024-12-12 17:13:48.489666',25);
INSERT INTO tokens VALUES(38,'eyJhbGciOiJIUzI1NiIsInR5cCI6IkpXVCJ9.eyJzdWIiOiJhbjkiLCJleHAiOjE3MzQwMjM2Mzd9.Ci19Kbnm9yO2CmWx6zzW0RXr6fyPprYUnZkEiBlfnlI','2024-12-12 17:13:57.122690',27);
INSERT INTO tokens VALUES(39,'eyJhbGciOiJIUzI1NiIsInR5cCI6IkpXVCJ9.eyJzdWIiOiJ0ZXN0X2FjY291bnRfMDEiLCJleHAiOjE3MzQwMjkxMDV9.78swKFpXbM_W-MKljmIv2H0qlma613rBUrr1CfZKFKY','2024-12-12 18:45:05.075683',18);
INSERT INTO tokens VALUES(40,'eyJhbGciOiJIUzI1NiIsInR5cCI6IkpXVCJ9.eyJzdWIiOiJ0cnVvbmdkbyIsImV4cCI6MTczNDAzMjYwMn0.IKGULMIZi4Vx-6vd1MMLqqoFIVwV-Gy5-Ety7ZxSH2s','2024-12-12 19:43:22.723134',3);
INSERT INTO tokens VALUES(41,'eyJhbGciOiJIUzI1NiIsInR5cCI6IkpXVCJ9.eyJzdWIiOiJ5dWppLm1hdHN1bW90b0ByaWtlbi5qcCIsImV4cCI6MTczNDAzMzMxM30.i-V5VWeaE3Dau-9RUyexZO2b8r3S_hmP0CjckNdiqQM','2024-12-12 19:55:13.646803',28);
INSERT INTO tokens VALUES(42,'eyJhbGciOiJIUzI1NiIsInR5cCI6IkpXVCJ9.eyJzdWIiOiJ0cnVvbmdkbyIsImV4cCI6MTczNDAzMzg0NX0.qX2_1U8qAWU8VQwVzqZibV2Q9ZffrAeDA2aaDov4NJI','2024-12-12 20:04:05.102107',3);
INSERT INTO tokens VALUES(43,'eyJhbGciOiJIUzI1NiIsInR5cCI6IkpXVCJ9.eyJzdWIiOiJ0cnVvbmdkbyIsImV4cCI6MTczNDAzNDE4MX0.zKxCdippnx0-ckJdF-pTGpg8SPnxwIowKCXbjMcFB5U','2024-12-12 20:09:41.753646',3);
INSERT INTO tokens VALUES(44,'eyJhbGciOiJIUzI1NiIsInR5cCI6IkpXVCJ9.eyJzdWIiOiJ0cnVvbmdkbyIsImV4cCI6MTczNDAzNTEwNX0.0DadSTw3tqyrRE8mFZ3t8Bm7xPDzaLt55TI7B6jw8xU','2024-12-12 20:25:05.672646',3);
INSERT INTO tokens VALUES(45,'eyJhbGciOiJIUzI1NiIsInR5cCI6IkpXVCJ9.eyJzdWIiOiJhbiIsImV4cCI6MTczNDAzNjgyM30.PKDtgJl2l8PagGBRRzEKrCySIAq0rCqDqI4Enldjdoo','2024-12-12 20:53:43.394630',2);
INSERT INTO tokens VALUES(46,'eyJhbGciOiJIUzI1NiIsInR5cCI6IkpXVCJ9.eyJzdWIiOiJ0cnVvbmdkbyIsImV4cCI6MTczNDAzNjk3Nn0.rQrt4AbhF2D3zKIdiYLoi5xcAWRUagTHk28VV-4hU3g','2024-12-12 20:56:16.319058',3);
INSERT INTO tokens VALUES(47,'eyJhbGciOiJIUzI1NiIsInR5cCI6IkpXVCJ9.eyJzdWIiOiJ0cnVvbmdkbyIsImV4cCI6MTczNDAzODMwNX0.q52xH82G4Tql62jRBrEKwVEJZzROqAOwf0chUMuZjdQ','2024-12-12 21:18:25.422664',3);
INSERT INTO tokens VALUES(48,'eyJhbGciOiJIUzI1NiIsInR5cCI6IkpXVCJ9.eyJzdWIiOiJ0ZXN0X2FjY291bnRfMDEiLCJleHAiOjE3MzQwNzY0NTd9.1JZ771Hr5uncIgU3M0CPGfZiS1GZDEmEUP-no6zpaFw','2024-12-13 07:54:17.860353',18);
COMMIT;
